{
  "r2_mean": -0.08070685129206039,
  "r2_std": 0.07745677740767698,
  "r2_min": -0.17147216248329267,
  "r2_max": 0.017784864386019117,
  "rmse_mean": 3.9638410863672515,
  "rmse_std": 0.6301188695782606,
  "rmse_min": 3.2534093319738986,
  "rmse_max": 4.784932189842451,
  "mae_mean": 3.0003767244919914,
  "mae_std": 0.3735903974267504,
  "mae_min": 2.594356298738202,
  "mae_max": 3.496158585547547,
  "correlation_mean": -0.12286840096800611,
  "correlation_std": 0.2721690284466269,
  "correlation_min": -0.49936865931787155,
  "correlation_max": 0.1346611383172518,
  "win_rate_mean": 45.18518518518519,
  "win_rate_std": 1.8885257457751052,
  "win_rate_min": 43.333333333333336,
  "win_rate_max": 47.77777777777778,
  "n_folds": 3,
  "n_features": 1,
  "monotonic_count": 0,
  "monotonic_pct": 0.0,
  "fold_results": [
    {
      "fold_id": 0,
      "r2": -0.17147216248329267,
      "rmse": 3.8531817372854054,
      "mae": 2.9106152891902255,
      "correlation": -0.49936865931787155,
      "win_rate": 47.77777777777778,
      "is_monotonic": false,
      "n_samples": 90
    },
    {
      "fold_id": 1,
      "r2": 0.017784864386019117,
      "rmse": 3.2534093319738986,
      "mae": 2.594356298738202,
      "correlation": 0.1346611383172518,
      "win_rate": 44.44444444444444,
      "is_monotonic": false,
      "n_samples": 90
    },
    {
      "fold_id": 2,
      "r2": -0.0884332557789076,
      "rmse": 4.784932189842451,
      "mae": 3.496158585547547,
      "correlation": -0.003897681903398547,
      "win_rate": 43.333333333333336,
      "is_monotonic": false,
      "n_samples": 90
    }
  ]
}