{
  "r2_mean": -0.08256015795177689,
  "r2_std": 0.0653685880030525,
  "r2_min": -0.17312290496804872,
  "r2_max": -0.02120488989629221,
  "rmse_mean": 3.960146796185222,
  "rmse_std": 0.5721669922354348,
  "rmse_min": 3.3173541648058276,
  "rmse_max": 4.707190648328358,
  "mae_mean": 3.0818319163981642,
  "mae_std": 0.3525208669518146,
  "mae_min": 2.705330212944129,
  "mae_max": 3.553086819203688,
  "correlation_mean": -0.0197931350722243,
  "correlation_std": 0.2261223485724258,
  "correlation_min": -0.3285717172701425,
  "correlation_max": 0.20662958693035804,
  "win_rate_mean": 40.0,
  "win_rate_std": 2.400274332743652,
  "win_rate_min": 36.666666666666664,
  "win_rate_max": 42.22222222222222,
  "n_folds": 3,
  "n_features": 1,
  "monotonic_count": 0,
  "monotonic_pct": 0.0,
  "fold_results": [
    {
      "fold_id": 0,
      "r2": -0.17312290496804872,
      "rmse": 3.8558955754214796,
      "mae": 2.9870787170466753,
      "correlation": 0.06256272512311155,
      "win_rate": 36.666666666666664,
      "is_monotonic": false,
      "n_samples": 90
    },
    {
      "fold_id": 1,
      "r2": -0.02120488989629221,
      "rmse": 3.3173541648058276,
      "mae": 2.705330212944129,
      "correlation": -0.3285717172701425,
      "win_rate": 42.22222222222222,
      "is_monotonic": false,
      "n_samples": 90
    },
    {
      "fold_id": 2,
      "r2": -0.05335267899098972,
      "rmse": 4.707190648328358,
      "mae": 3.553086819203688,
      "correlation": 0.20662958693035804,
      "win_rate": 41.11111111111111,
      "is_monotonic": false,
      "n_samples": 90
    }
  ]
}