{
  "r2_mean": -0.0938436429831034,
  "r2_std": 0.08155230579270237,
  "r2_min": -0.20118196320106163,
  "r2_max": -0.003636398226048554,
  "rmse_mean": 3.98317688835724,
  "rmse_std": 0.6030460008370558,
  "rmse_min": 3.2886950040080922,
  "rmse_max": 4.759099417401943,
  "mae_mean": 3.0441961659402437,
  "mae_std": 0.3405446974773413,
  "mae_min": 2.673009684269778,
  "mae_max": 3.4955364356181837,
  "correlation_mean": 0.009245248525249845,
  "correlation_std": 0.03789820007640686,
  "correlation_min": -0.04215143990161229,
  "correlation_max": 0.04810397524114219,
  "win_rate_mean": 40.370370370370374,
  "win_rate_std": 1.385799032138495,
  "win_rate_min": 38.88888888888889,
  "win_rate_max": 42.22222222222222,
  "n_folds": 3,
  "n_features": 1,
  "monotonic_count": 0,
  "monotonic_pct": 0.0,
  "fold_results": [
    {
      "fold_id": 0,
      "r2": -0.20118196320106163,
      "rmse": 3.9017362436616834,
      "mae": 2.964042377932769,
      "correlation": 0.04810397524114219,
      "win_rate": 38.88888888888889,
      "is_monotonic": false,
      "n_samples": 90
    },
    {
      "fold_id": 1,
      "r2": -0.003636398226048554,
      "rmse": 3.2886950040080922,
      "mae": 2.673009684269778,
      "correlation": -0.04215143990161229,
      "win_rate": 40.0,
      "is_monotonic": false,
      "n_samples": 90
    },
    {
      "fold_id": 2,
      "r2": -0.07671256752220001,
      "rmse": 4.759099417401943,
      "mae": 3.4955364356181837,
      "correlation": 0.021783210236219635,
      "win_rate": 42.22222222222222,
      "is_monotonic": false,
      "n_samples": 90
    }
  ]
}