{
  "r2_mean": -0.09343917295587045,
  "r2_std": 0.08539278727425277,
  "r2_min": -0.19986845165902412,
  "r2_max": 0.009197107948203498,
  "rmse_mean": 3.984933656785159,
  "rmse_std": 0.6234625853459888,
  "rmse_min": 3.2676010711073142,
  "rmse_max": 4.7875975443619465,
  "mae_mean": 3.061862573904262,
  "mae_std": 0.33897120029006655,
  "mae_min": 2.680794963276407,
  "mae_max": 3.5042749591667746,
  "correlation_mean": 0.007556098849701896,
  "correlation_std": 0.07835994899758017,
  "correlation_min": -0.05236787138138401,
  "correlation_max": 0.11824763712988831,
  "win_rate_mean": 39.629629629629626,
  "win_rate_std": 2.6189140043946213,
  "win_rate_min": 37.77777777777778,
  "win_rate_max": 43.333333333333336,
  "n_folds": 3,
  "n_features": 3,
  "monotonic_count": 0,
  "monotonic_pct": 0.0,
  "fold_results": [
    {
      "fold_id": 0,
      "r2": -0.19986845165902412,
      "rmse": 3.8996023548862158,
      "mae": 3.0005177992696033,
      "correlation": -0.04321146919939862,
      "win_rate": 37.77777777777778,
      "is_monotonic": false,
      "n_samples": 90
    },
    {
      "fold_id": 1,
      "r2": 0.009197107948203498,
      "rmse": 3.2676010711073142,
      "mae": 2.680794963276407,
      "correlation": 0.11824763712988831,
      "win_rate": 37.77777777777778,
      "is_monotonic": false,
      "n_samples": 90
    },
    {
      "fold_id": 2,
      "r2": -0.08964617515679074,
      "rmse": 4.7875975443619465,
      "mae": 3.5042749591667746,
      "correlation": -0.05236787138138401,
      "win_rate": 43.333333333333336,
      "is_monotonic": false,
      "n_samples": 90
    }
  ]
}