{
  "r2_mean": -0.09850232220348072,
  "r2_std": 0.10101610741031347,
  "r2_min": -0.22811738304349083,
  "r2_max": 0.01832763546745464,
  "rmse_mean": 3.9922362821542516,
  "rmse_std": 0.624055245042573,
  "rmse_min": 3.2525102924165328,
  "rmse_max": 4.778958387967844,
  "mae_mean": 3.0719318981592516,
  "mae_std": 0.3489874209985026,
  "mae_min": 2.676399757073998,
  "mae_max": 3.5253423976440432,
  "correlation_mean": 0.014503887555538513,
  "correlation_std": 0.10401686289711734,
  "correlation_min": -0.10855543159810423,
  "correlation_max": 0.14583014180228618,
  "win_rate_mean": 38.888888888888886,
  "win_rate_std": 1.5713484026367734,
  "win_rate_min": 36.666666666666664,
  "win_rate_max": 40.0,
  "n_folds": 3,
  "n_features": 7,
  "monotonic_count": 0,
  "monotonic_pct": 0.0,
  "fold_results": [
    {
      "fold_id": 0,
      "r2": -0.22811738304349083,
      "rmse": 3.9452401660783782,
      "mae": 3.0140535397597152,
      "correlation": -0.10855543159810423,
      "win_rate": 36.666666666666664,
      "is_monotonic": false,
      "n_samples": 90
    },
    {
      "fold_id": 1,
      "r2": 0.01832763546745464,
      "rmse": 3.2525102924165328,
      "mae": 2.676399757073998,
      "correlation": 0.14583014180228618,
      "win_rate": 40.0,
      "is_monotonic": false,
      "n_samples": 90
    },
    {
      "fold_id": 2,
      "r2": -0.08571721903440599,
      "rmse": 4.778958387967844,
      "mae": 3.5253423976440432,
      "correlation": 0.006236952462433591,
      "win_rate": 40.0,
      "is_monotonic": false,
      "n_samples": 90
    }
  ]
}