{
  "r2_mean": -0.09894299032994451,
  "r2_std": 0.10899793794825557,
  "r2_min": -0.23919018765189937,
  "r2_max": 0.026577976932439906,
  "rmse_mean": 3.9924847824177063,
  "rmse_std": 0.6277594372520265,
  "rmse_min": 3.238813797998258,
  "rmse_max": 4.775654991359383,
  "mae_mean": 3.059601790943452,
  "mae_std": 0.35339815741759417,
  "mae_min": 2.640837809093324,
  "mae_max": 3.5052313895347003,
  "correlation_mean": -0.016268845365732625,
  "correlation_std": 0.14898326845735368,
  "correlation_min": -0.1884277362308369,
  "correlation_max": 0.17500094488242854,
  "win_rate_mean": 40.528506034124014,
  "win_rate_std": 3.526001075891235,
  "win_rate_min": 35.55555555555556,
  "win_rate_max": 43.333333333333336,
  "n_folds": 3,
  "n_features": 4,
  "monotonic_count": 0,
  "monotonic_pct": 0.0,
  "fold_results": [
    {
      "fold_id": 0,
      "r2": -0.23919018765189937,
      "rmse": 3.9629855578954767,
      "mae": 3.032736174202332,
      "correlation": -0.1884277362308369,
      "win_rate": 35.55555555555556,
      "is_monotonic": false,
      "n_samples": 90
    },
    {
      "fold_id": 1,
      "r2": 0.026577976932439906,
      "rmse": 3.238813797998258,
      "mae": 2.640837809093324,
      "correlation": 0.17500094488242854,
      "win_rate": 42.69662921348314,
      "is_monotonic": false,
      "n_samples": 90
    },
    {
      "fold_id": 2,
      "r2": -0.08421676027037406,
      "rmse": 4.775654991359383,
      "mae": 3.5052313895347003,
      "correlation": -0.03537974474878952,
      "win_rate": 43.333333333333336,
      "is_monotonic": false,
      "n_samples": 90
    }
  ]
}