{
  "r2_mean": -0.03955599132033227,
  "r2_std": 0.13091289857973262,
  "r2_min": -0.18605983801251802,
  "r2_max": 0.13172525264013313,
  "rmse_mean": 3.8892170943880124,
  "rmse_std": 0.6829597896003733,
  "rmse_min": 3.0588908621824777,
  "rmse_max": 4.731662169389116,
  "mae_mean": 2.9680449969876563,
  "mae_std": 0.5219164599148818,
  "mae_min": 2.3471231106599215,
  "mae_max": 3.624102807910086,
  "correlation_mean": 0.1471950822948731,
  "correlation_std": 0.23752388050914724,
  "correlation_min": -0.07592214626366146,
  "correlation_max": 0.4762172968810756,
  "win_rate_mean": 44.81481481481481,
  "win_rate_std": 13.588100983588252,
  "win_rate_min": 31.11111111111111,
  "win_rate_max": 63.33333333333333,
  "n_folds": 3,
  "n_features": 1,
  "monotonic_count": 1,
  "monotonic_pct": 33.33333333333333,
  "fold_results": [
    {
      "fold_id": 0,
      "r2": -0.18605983801251802,
      "rmse": 3.8770982515924426,
      "mae": 2.9329090723929614,
      "correlation": 0.04129009626720519,
      "win_rate": 40.0,
      "is_monotonic": false,
      "n_samples": 90
    },
    {
      "fold_id": 1,
      "r2": 0.13172525264013313,
      "rmse": 3.0588908621824777,
      "mae": 2.3471231106599215,
      "correlation": 0.4762172968810756,
      "win_rate": 63.33333333333333,
      "is_monotonic": true,
      "n_samples": 90
    },
    {
      "fold_id": 2,
      "r2": -0.06433338858861193,
      "rmse": 4.731662169389116,
      "mae": 3.624102807910086,
      "correlation": -0.07592214626366146,
      "win_rate": 31.11111111111111,
      "is_monotonic": false,
      "n_samples": 90
    }
  ]
}