{
  "r2_mean": -0.10908176221876464,
  "r2_std": 0.1335456184218692,
  "r2_min": -0.2967877708392861,
  "r2_max": 0.0028402499594945008,
  "rmse_mean": 3.9980902723923237,
  "rmse_std": 0.5664390453965014,
  "rmse_min": 3.278066555979297,
  "rmse_max": 4.662164910426671,
  "mae_mean": 3.0673143466101522,
  "mae_std": 0.32149793761739387,
  "mae_min": 2.64744533816084,
  "mae_max": 3.428324651829541,
  "correlation_mean": 0.32388252460242534,
  "correlation_std": 0.18683970451619247,
  "correlation_min": 0.06033811121229509,
  "correlation_max": 0.47214319404227845,
  "win_rate_mean": 41.851851851851855,
  "win_rate_std": 11.343253948973004,
  "win_rate_min": 27.77777777777778,
  "win_rate_max": 55.55555555555556,
  "n_folds": 3,
  "n_features": 29,
  "monotonic_count": 1,
  "monotonic_pct": 33.33333333333333,
  "fold_results": [
    {
      "fold_id": 0,
      "r2": -0.2967877708392861,
      "rmse": 4.054039350771005,
      "mae": 3.1261730498400766,
      "correlation": 0.4391662685527025,
      "win_rate": 27.77777777777778,
      "is_monotonic": false,
      "n_samples": 90
    },
    {
      "fold_id": 1,
      "r2": 0.0028402499594945008,
      "rmse": 3.278066555979297,
      "mae": 2.64744533816084,
      "correlation": 0.06033811121229509,
      "win_rate": 42.22222222222222,
      "is_monotonic": false,
      "n_samples": 90
    },
    {
      "fold_id": 2,
      "r2": -0.03329776577650234,
      "rmse": 4.662164910426671,
      "mae": 3.428324651829541,
      "correlation": 0.47214319404227845,
      "win_rate": 55.55555555555556,
      "is_monotonic": true,
      "n_samples": 90
    }
  ]
}