{
  "r2_mean": -0.056983550542237284,
  "r2_std": 0.0941167347093557,
  "r2_min": -0.19002921343417412,
  "r2_max": 0.01286769159964718,
  "rmse_mean": 3.904309809109249,
  "rmse_std": 0.5245204645924318,
  "rmse_min": 3.2725215716188725,
  "rmse_max": 4.556827298836004,
  "mae_mean": 3.0433497491094847,
  "mae_std": 0.40111480172869046,
  "mae_min": 2.613613555655259,
  "mae_max": 3.578896390917765,
  "correlation_mean": 0.20343568836078182,
  "correlation_std": 0.1684511841515083,
  "correlation_min": 0.04129009626720518,
  "correlation_max": 0.4356551264031356,
  "win_rate_mean": 37.03703703703704,
  "win_rate_std": 11.086392257107974,
  "win_rate_min": 22.22222222222222,
  "win_rate_max": 48.888888888888886,
  "n_folds": 3,
  "n_features": 1,
  "monotonic_count": 1,
  "monotonic_pct": 33.33333333333333,
  "fold_results": [
    {
      "fold_id": 0,
      "r2": -0.19002921343417412,
      "rmse": 3.8835805568728703,
      "mae": 2.9375393007554313,
      "correlation": 0.04129009626720518,
      "win_rate": 40.0,
      "is_monotonic": false,
      "n_samples": 90
    },
    {
      "fold_id": 1,
      "r2": 0.006210870207815078,
      "rmse": 3.2725215716188725,
      "mae": 2.613613555655259,
      "correlation": 0.4356551264031356,
      "win_rate": 48.888888888888886,
      "is_monotonic": false,
      "n_samples": 90
    },
    {
      "fold_id": 2,
      "r2": 0.01286769159964718,
      "rmse": 4.556827298836004,
      "mae": 3.578896390917765,
      "correlation": 0.13336184241200463,
      "win_rate": 22.22222222222222,
      "is_monotonic": true,
      "n_samples": 90
    }
  ]
}