{
  "best_r2": {
    "combination": "month_only",
    "r2_mean": -0.03955599132033227,
    "r2_std": 0.13091289857973262,
    "n_features": 1
  },
  "best_consistency": {
    "combination": "bb_only",
    "consistency": 0.9386422795461046,
    "r2_mean": -0.08256015795177689,
    "n_features": 1
  },
  "best_rmse": {
    "combination": "spy_only",
    "rmse_mean": 3.8712524458827935,
    "rmse_std": 0.4957456732915371,
    "n_features": 1
  }
}