{
  "r2_mean": -0.13056670262703815,
  "r2_std": 0.11315486884104886,
  "r2_min": -0.2856845930405625,
  "r2_max": -0.01895094358081284,
  "rmse_mean": 4.044086845837149,
  "rmse_std": 0.5994261120852377,
  "rmse_min": 3.313691203234347,
  "rmse_max": 4.781922761976646,
  "mae_mean": 3.0982412117008677,
  "mae_std": 0.33550334220221867,
  "mae_min": 2.6850087040018633,
  "mae_max": 3.506780495140565,
  "correlation_mean": -0.1329749738799951,
  "correlation_std": 0.3201262150343616,
  "correlation_min": -0.5097737759226341,
  "correlation_max": 0.2727679051036585,
  "win_rate_mean": 37.77777777777778,
  "win_rate_std": 5.6655772373253175,
  "win_rate_min": 30.0,
  "win_rate_max": 43.333333333333336,
  "n_folds": 3,
  "n_features": 1,
  "monotonic_count": 0,
  "monotonic_pct": 0.0,
  "fold_results": [
    {
      "fold_id": 0,
      "r2": -0.2856845930405625,
      "rmse": 4.036646572300454,
      "mae": 3.1029344359601754,
      "correlation": 0.2727679051036585,
      "win_rate": 30.0,
      "is_monotonic": false,
      "n_samples": 90
    },
    {
      "fold_id": 1,
      "r2": -0.01895094358081284,
      "rmse": 3.313691203234347,
      "mae": 2.6850087040018633,
      "correlation": -0.5097737759226341,
      "win_rate": 40.0,
      "is_monotonic": false,
      "n_samples": 90
    },
    {
      "fold_id": 2,
      "r2": -0.0870645712597391,
      "rmse": 4.781922761976646,
      "mae": 3.506780495140565,
      "correlation": -0.16191905082100977,
      "win_rate": 43.333333333333336,
      "is_monotonic": false,
      "n_samples": 90
    }
  ]
}