{
  "r2_mean": -0.10942225232767026,
  "r2_std": 0.10432039241238757,
  "r2_min": -0.2498295122836216,
  "r2_max": 4.6796958780293e-06,
  "rmse_mean": 4.008535193735297,
  "rmse_std": 0.6046250440637331,
  "rmse_min": 3.2827240791938554,
  "rmse_max": 4.762919786676754,
  "mae_mean": 3.0560934601969976,
  "mae_std": 0.3252416879723987,
  "mae_min": 2.6578326405020665,
  "mae_max": 3.4545087741758196,
  "correlation_mean": -0.047473905414588756,
  "correlation_std": 0.17020925334280784,
  "correlation_min": -0.28701405073104,
  "correlation_max": 0.0928430397940831,
  "win_rate_mean": 39.25925925925926,
  "win_rate_std": 2.2831162973959174,
  "win_rate_min": 36.666666666666664,
  "win_rate_max": 42.22222222222222,
  "n_folds": 3,
  "n_features": 5,
  "monotonic_count": 0,
  "monotonic_pct": 0.0,
  "fold_results": [
    {
      "fold_id": 0,
      "r2": -0.2498295122836216,
      "rmse": 3.9799617153352824,
      "mae": 3.0559389659131075,
      "correlation": -0.28701405073104,
      "win_rate": 36.666666666666664,
      "is_monotonic": false,
      "n_samples": 90
    },
    {
      "fold_id": 1,
      "r2": 4.6796958780293e-06,
      "rmse": 3.2827240791938554,
      "mae": 2.6578326405020665,
      "correlation": 0.051749294693190666,
      "win_rate": 38.88888888888889,
      "is_monotonic": false,
      "n_samples": 90
    },
    {
      "fold_id": 2,
      "r2": -0.0784419243952672,
      "rmse": 4.762919786676754,
      "mae": 3.4545087741758196,
      "correlation": 0.0928430397940831,
      "win_rate": 42.22222222222222,
      "is_monotonic": false,
      "n_samples": 90
    }
  ]
}