{
  "r2_mean": -0.06674479485086704,
  "r2_std": 0.08315013645378624,
  "r2_min": -0.18432354352887015,
  "r2_max": -0.006423695043270339,
  "rmse_mean": 3.9252179323535863,
  "rmse_std": 0.5380044906228423,
  "rmse_min": 3.293258516058843,
  "rmse_max": 4.608135945959548,
  "mae_mean": 3.0028886125673133,
  "mae_std": 0.29335248229759786,
  "mae_min": 2.6861065118410528,
  "mae_max": 3.3932717830548924,
  "correlation_mean": 0.15897353736839076,
  "correlation_std": 0.1475537532668181,
  "correlation_min": -0.04877960722790895,
  "correlation_max": 0.27979526642147484,
  "win_rate_mean": 40.11494252873563,
  "win_rate_std": 2.5600828047460658,
  "win_rate_min": 37.77777777777778,
  "win_rate_max": 43.67816091954023,
  "n_folds": 3,
  "n_features": 2,
  "monotonic_count": 0,
  "monotonic_pct": 0.0,
  "fold_results": [
    {
      "fold_id": 0,
      "r2": -0.18432354352887015,
      "rmse": 3.8742593350423675,
      "mae": 2.929287542805995,
      "correlation": 0.24590495291160638,
      "win_rate": 37.77777777777778,
      "is_monotonic": false,
      "n_samples": 90
    },
    {
      "fold_id": 1,
      "r2": -0.006423695043270339,
      "rmse": 3.293258516058843,
      "mae": 2.6861065118410528,
      "correlation": -0.04877960722790895,
      "win_rate": 38.88888888888889,
      "is_monotonic": false,
      "n_samples": 90
    },
    {
      "fold_id": 2,
      "r2": -0.009487145980460632,
      "rmse": 4.608135945959548,
      "mae": 3.3932717830548924,
      "correlation": 0.27979526642147484,
      "win_rate": 43.67816091954023,
      "is_monotonic": false,
      "n_samples": 90
    }
  ]
}