{
  "r2_mean": -0.10905796834007864,
  "r2_std": 0.10462067817357719,
  "r2_min": -0.24536361246140181,
  "r2_max": 0.008932670564343437,
  "rmse_mean": 4.0102960850193154,
  "rmse_std": 0.6219054685340174,
  "rmse_min": 3.2680370903396088,
  "rmse_max": 4.790006426625731,
  "mae_mean": 3.0681494895316597,
  "mae_std": 0.3497005304431667,
  "mae_min": 2.6558591306983845,
  "mae_max": 3.5108283589338787,
  "correlation_mean": -0.021872476750534598,
  "correlation_std": 0.14983433089207424,
  "correlation_min": -0.22937603202937543,
  "correlation_max": 0.11905719728976054,
  "win_rate_mean": 40.74074074074074,
  "win_rate_std": 4.475202212442435,
  "win_rate_min": 34.44444444444444,
  "win_rate_max": 44.44444444444444,
  "n_folds": 3,
  "n_features": 1,
  "monotonic_count": 0,
  "monotonic_pct": 0.0,
  "fold_results": [
    {
      "fold_id": 0,
      "r2": -0.24536361246140181,
      "rmse": 3.9728447380926046,
      "mae": 3.0377609789627154,
      "correlation": 0.044701404488011076,
      "win_rate": 34.44444444444444,
      "is_monotonic": false,
      "n_samples": 90
    },
    {
      "fold_id": 1,
      "r2": 0.008932670564343437,
      "rmse": 3.2680370903396088,
      "mae": 2.6558591306983845,
      "correlation": 0.11905719728976054,
      "win_rate": 43.333333333333336,
      "is_monotonic": false,
      "n_samples": 90
    },
    {
      "fold_id": 2,
      "r2": -0.09074296312317753,
      "rmse": 4.790006426625731,
      "mae": 3.5108283589338787,
      "correlation": -0.22937603202937543,
      "win_rate": 44.44444444444444,
      "is_monotonic": false,
      "n_samples": 90
    }
  ]
}