{
  "r2_mean": -0.04159012655789215,
  "r2_std": 0.10135778206027159,
  "r2_min": -0.18349389750927902,
  "r2_max": 0.04689999767197828,
  "rmse_mean": 3.8712524458827935,
  "rmse_std": 0.4957456732915371,
  "rmse_min": 3.2632673321234282,
  "rmse_max": 4.477587912330698,
  "mae_mean": 2.9681153428928666,
  "mae_std": 0.24701080156479963,
  "mae_min": 2.6553878631736367,
  "mae_max": 3.2592850422122592,
  "correlation_mean": 0.24752825215222385,
  "correlation_std": 0.11142239340611661,
  "correlation_min": 0.11971334820183835,
  "correlation_max": 0.39124759155426814,
  "win_rate_mean": 40.37037037037037,
  "win_rate_std": 4.287347001033417,
  "win_rate_min": 34.44444444444444,
  "win_rate_max": 44.44444444444444,
  "n_folds": 3,
  "n_features": 1,
  "monotonic_count": 0,
  "monotonic_pct": 0.0,
  "fold_results": [
    {
      "fold_id": 0,
      "r2": -0.18349389750927902,
      "rmse": 3.872902093194255,
      "mae": 2.9896731232927034,
      "correlation": 0.23162381670056503,
      "win_rate": 34.44444444444444,
      "is_monotonic": false,
      "n_samples": 90
    },
    {
      "fold_id": 1,
      "r2": 0.011823520163624313,
      "rmse": 3.2632673321234282,
      "mae": 2.6553878631736367,
      "correlation": 0.11971334820183835,
      "win_rate": 42.22222222222222,
      "is_monotonic": false,
      "n_samples": 90
    },
    {
      "fold_id": 2,
      "r2": 0.04689999767197828,
      "rmse": 4.477587912330698,
      "mae": 3.2592850422122592,
      "correlation": 0.39124759155426814,
      "win_rate": 44.44444444444444,
      "is_monotonic": false,
      "n_samples": 90
    }
  ]
}