{
  "r2_mean": -0.06499363422539217,
  "r2_std": 0.11700380791881121,
  "r2_min": -0.20936083394323202,
  "r2_max": 0.0772143923393217,
  "rmse_mean": 3.93225842690321,
  "rmse_std": 0.6430579919661376,
  "rmse_min": 3.1534489383139177,
  "rmse_max": 4.728329135976992,
  "mae_mean": 3.007824314685921,
  "mae_std": 0.3815107560003813,
  "mae_min": 2.532028288405292,
  "mae_max": 3.4660386718582794,
  "correlation_mean": 0.12329435876064347,
  "correlation_std": 0.15031147004007933,
  "correlation_min": -0.07053020133473159,
  "correlation_max": 0.2957998724095618,
  "win_rate_mean": 39.42155638784852,
  "win_rate_std": 3.3949953455099355,
  "win_rate_min": 35.55555555555556,
  "win_rate_max": 43.82022471910113,
  "n_folds": 3,
  "n_features": 3,
  "monotonic_count": 0,
  "monotonic_pct": 0.0,
  "fold_results": [
    {
      "fold_id": 0,
      "r2": -0.20936083394323202,
      "rmse": 3.91499720641872,
      "mae": 3.025405983794192,
      "correlation": -0.07053020133473159,
      "win_rate": 35.55555555555556,
      "is_monotonic": false,
      "n_samples": 90
    },
    {
      "fold_id": 1,
      "r2": 0.0772143923393217,
      "rmse": 3.1534489383139177,
      "mae": 2.532028288405292,
      "correlation": 0.2957998724095618,
      "win_rate": 43.82022471910113,
      "is_monotonic": false,
      "n_samples": 90
    },
    {
      "fold_id": 2,
      "r2": -0.0628344610722662,
      "rmse": 4.728329135976992,
      "mae": 3.4660386718582794,
      "correlation": 0.1446134052071002,
      "win_rate": 38.88888888888889,
      "is_monotonic": false,
      "n_samples": 90
    }
  ]
}