{
  "r2_mean": -0.12252037610633686,
  "r2_std": 0.13062253474710642,
  "r2_min": -0.30411365499908727,
  "r2_max": -0.0023761529200119202,
  "rmse_mean": 4.025503180520183,
  "rmse_std": 0.5876496863163235,
  "rmse_min": 3.286629582543316,
  "rmse_max": 4.724405585302376,
  "mae_mean": 3.091404870094207,
  "mae_std": 0.33981532466830333,
  "mae_min": 2.6534259243266183,
  "mae_max": 3.481690912171229,
  "correlation_mean": 0.15913645349454544,
  "correlation_std": 0.20380118472786515,
  "correlation_min": -0.0399535025202772,
  "correlation_max": 0.43916626855270213,
  "win_rate_mean": 38.88888888888889,
  "win_rate_std": 7.85674201318386,
  "win_rate_min": 27.77777777777778,
  "win_rate_max": 44.44444444444444,
  "n_folds": 3,
  "n_features": 20,
  "monotonic_count": 0,
  "monotonic_pct": 0.0,
  "fold_results": [
    {
      "fold_id": 0,
      "r2": -0.30411365499908727,
      "rmse": 4.065474373714859,
      "mae": 3.139097773784774,
      "correlation": 0.43916626855270213,
      "win_rate": 27.77777777777778,
      "is_monotonic": false,
      "n_samples": 90
    },
    {
      "fold_id": 1,
      "r2": -0.0023761529200119202,
      "rmse": 3.286629582543316,
      "mae": 2.6534259243266183,
      "correlation": -0.0399535025202772,
      "win_rate": 44.44444444444444,
      "is_monotonic": false,
      "n_samples": 90
    },
    {
      "fold_id": 2,
      "r2": -0.061071320399911366,
      "rmse": 4.724405585302376,
      "mae": 3.481690912171229,
      "correlation": 0.07819659445121137,
      "win_rate": 44.44444444444444,
      "is_monotonic": false,
      "n_samples": 90
    }
  ]
}