{
  "r2_mean": -0.1205287681631595,
  "r2_std": 0.1240324818575791,
  "r2_min": -0.29237004627257934,
  "r2_max": -0.004128362263593255,
  "rmse_mean": 4.023322675009382,
  "rmse_std": 0.5896847307519115,
  "rmse_min": 3.289500934051718,
  "rmse_max": 4.733339013087215,
  "mae_mean": 3.085655744757087,
  "mae_std": 0.319727586111551,
  "mae_min": 2.6780247884115664,
  "mae_max": 3.4589302048479094,
  "correlation_mean": 0.18908312828793514,
  "correlation_std": 0.1378090332349032,
  "correlation_min": 6.012461467085793e-18,
  "correlation_max": 0.3245230103599566,
  "win_rate_mean": 37.407407407407405,
  "win_rate_std": 7.046776885348313,
  "win_rate_min": 27.77777777777778,
  "win_rate_max": 44.44444444444444,
  "n_folds": 3,
  "n_features": 10,
  "monotonic_count": 2,
  "monotonic_pct": 66.66666666666666,
  "fold_results": [
    {
      "fold_id": 0,
      "r2": -0.29237004627257934,
      "rmse": 4.047128077889214,
      "mae": 3.1200122410117856,
      "correlation": 0.24272637450384882,
      "win_rate": 27.77777777777778,
      "is_monotonic": true,
      "n_samples": 90
    },
    {
      "fold_id": 1,
      "r2": -0.004128362263593255,
      "rmse": 3.289500934051718,
      "mae": 2.6780247884115664,
      "correlation": 6.012461467085793e-18,
      "win_rate": 40.0,
      "is_monotonic": false,
      "n_samples": 90
    },
    {
      "fold_id": 2,
      "r2": -0.06508789595330589,
      "rmse": 4.733339013087215,
      "mae": 3.4589302048479094,
      "correlation": 0.3245230103599566,
      "win_rate": 44.44444444444444,
      "is_monotonic": true,
      "n_samples": 90
    }
  ]
}