{
  "r2_mean": -0.11023666359028794,
  "r2_std": 0.1276047703799416,
  "r2_min": -0.27823185120140237,
  "r2_max": 0.03083700961992253,
  "rmse_mean": 4.0101064840663545,
  "rmse_std": 0.629585019428019,
  "rmse_min": 3.2317206076190814,
  "rmse_max": 4.773668912957736,
  "mae_mean": 3.0621802036320136,
  "mae_std": 0.36478487501605744,
  "mae_min": 2.5930812778389596,
  "mae_max": 3.48263732082382,
  "correlation_mean": 0.15813731056744348,
  "correlation_std": 0.12328495263670232,
  "correlation_min": 0.06680346011485574,
  "correlation_max": 0.3324213619514896,
  "win_rate_mean": 39.629629629629626,
  "win_rate_std": 6.175308148345581,
  "win_rate_min": 31.11111111111111,
  "win_rate_max": 45.55555555555556,
  "n_folds": 3,
  "n_features": 26,
  "monotonic_count": 1,
  "monotonic_pct": 33.33333333333333,
  "fold_results": [
    {
      "fold_id": 0,
      "r2": -0.27823185120140237,
      "rmse": 4.024929931622245,
      "mae": 3.110822012233261,
      "correlation": 0.07518710963598509,
      "win_rate": 31.11111111111111,
      "is_monotonic": false,
      "n_samples": 90
    },
    {
      "fold_id": 1,
      "r2": 0.03083700961992253,
      "rmse": 3.2317206076190814,
      "mae": 2.5930812778389596,
      "correlation": 0.3324213619514896,
      "win_rate": 45.55555555555556,
      "is_monotonic": true,
      "n_samples": 90
    },
    {
      "fold_id": 2,
      "r2": -0.08331514918938399,
      "rmse": 4.773668912957736,
      "mae": 3.48263732082382,
      "correlation": 0.06680346011485574,
      "win_rate": 42.22222222222222,
      "is_monotonic": false,
      "n_samples": 90
    }
  ]
}