{
  "r2_mean": -0.08384193196490475,
  "r2_std": 0.1499179411752765,
  "r2_min": -0.2942058371981955,
  "r2_max": 0.04421695577425655,
  "rmse_mean": 3.9397135902021874,
  "rmse_std": 0.4955148710556623,
  "rmse_min": 3.2852534307430643,
  "rmse_max": 4.483885841757604,
  "mae_mean": 3.0873327084870787,
  "mae_std": 0.34114191022906015,
  "mae_min": 2.6652336734205626,
  "mae_max": 3.5007210700889813,
  "correlation_mean": 0.23344164836515732,
  "correlation_std": 0.3034282615776072,
  "correlation_min": -6.012461467085793e-18,
  "correlation_max": 0.6619826330448275,
  "win_rate_mean": 44.8780487804878,
  "win_rate_std": 14.834042428177058,
  "win_rate_min": 28.888888888888886,
  "win_rate_max": 64.63414634146342,
  "n_folds": 3,
  "n_features": 5,
  "monotonic_count": 0,
  "monotonic_pct": 0.0,
  "fold_results": [
    {
      "fold_id": 0,
      "r2": -0.2942058371981955,
      "rmse": 4.050001498105894,
      "mae": 3.096043381951693,
      "correlation": 0.03834231205064441,
      "win_rate": 28.888888888888886,
      "is_monotonic": false,
      "n_samples": 90
    },
    {
      "fold_id": 1,
      "r2": -0.001536914470775308,
      "rmse": 3.2852534307430643,
      "mae": 2.6652336734205626,
      "correlation": -6.012461467085793e-18,
      "win_rate": 41.11111111111111,
      "is_monotonic": false,
      "n_samples": 90
    },
    {
      "fold_id": 2,
      "r2": 0.04421695577425655,
      "rmse": 4.483885841757604,
      "mae": 3.5007210700889813,
      "correlation": 0.6619826330448275,
      "win_rate": 64.63414634146342,
      "is_monotonic": false,
      "n_samples": 90
    }
  ]
}