{
  "r2_mean": -0.05658299093284921,
  "r2_std": 0.17110112389286125,
  "r2_min": -0.28304136264531743,
  "r2_max": 0.13047604191702,
  "rmse_mean": 3.8733596587284533,
  "rmse_std": 0.4100882641653543,
  "rmse_min": 3.310816285712474,
  "rmse_max": 4.276767710484815,
  "mae_mean": 3.0163941204633438,
  "mae_std": 0.21570297641591243,
  "mae_min": 2.718943545785727,
  "mae_max": 3.2237199860415537,
  "correlation_mean": 0.46097813828499185,
  "correlation_std": 0.35563921222616285,
  "correlation_min": -6.012461467085793e-18,
  "correlation_max": 0.8656603213176349,
  "win_rate_mean": 43.8562091503268,
  "win_rate_std": 17.38717702341933,
  "win_rate_min": 28.888888888888886,
  "win_rate_max": 68.23529411764706,
  "n_folds": 3,
  "n_features": 5,
  "monotonic_count": 1,
  "monotonic_pct": 33.33333333333333,
  "fold_results": [
    {
      "fold_id": 0,
      "r2": -0.28304136264531743,
      "rmse": 4.03249497998807,
      "mae": 3.1065188295627504,
      "correlation": 0.5172740935373407,
      "win_rate": 28.888888888888886,
      "is_monotonic": false,
      "n_samples": 90
    },
    {
      "fold_id": 1,
      "r2": -0.017183652070250188,
      "rmse": 3.310816285712474,
      "mae": 2.718943545785727,
      "correlation": -6.012461467085793e-18,
      "win_rate": 34.44444444444444,
      "is_monotonic": false,
      "n_samples": 90
    },
    {
      "fold_id": 2,
      "r2": 0.13047604191702,
      "rmse": 4.276767710484815,
      "mae": 3.2237199860415537,
      "correlation": 0.8656603213176349,
      "win_rate": 68.23529411764706,
      "is_monotonic": true,
      "n_samples": 90
    }
  ]
}