{
  "r2_mean": -0.10926439011198556,
  "r2_std": 0.09607588138700165,
  "r2_min": -0.23798629595646337,
  "r2_max": -0.007235603521511091,
  "rmse_mean": 4.009225445139141,
  "rmse_std": 0.6041243878027622,
  "rmse_min": 3.2945866274097844,
  "rmse_max": 4.772029667594765,
  "mae_mean": 3.083684926553054,
  "mae_std": 0.349802919487133,
  "mae_min": 2.6834977651274383,
  "mae_max": 3.5356332284746643,
  "correlation_mean": -0.047498467303446736,
  "correlation_std": 0.07271209647844075,
  "correlation_min": -0.10579890127221463,
  "correlation_max": 0.05500955779108396,
  "win_rate_mean": 37.77777777777778,
  "win_rate_std": 2.400274332743653,
  "win_rate_min": 34.44444444444444,
  "win_rate_max": 40.0,
  "n_folds": 3,
  "n_features": 1,
  "monotonic_count": 0,
  "monotonic_pct": 0.0,
  "fold_results": [
    {
      "fold_id": 0,
      "r2": -0.23798629595646337,
      "rmse": 3.9610600404128755,
      "mae": 3.0319237860570594,
      "correlation": -0.10579890127221463,
      "win_rate": 34.44444444444444,
      "is_monotonic": false,
      "n_samples": 90
    },
    {
      "fold_id": 1,
      "r2": -0.007235603521511091,
      "rmse": 3.2945866274097844,
      "mae": 2.6834977651274383,
      "correlation": -0.09170605842920956,
      "win_rate": 40.0,
      "is_monotonic": false,
      "n_samples": 90
    },
    {
      "fold_id": 2,
      "r2": -0.08257127085798222,
      "rmse": 4.772029667594765,
      "mae": 3.5356332284746643,
      "correlation": 0.05500955779108396,
      "win_rate": 38.88888888888889,
      "is_monotonic": false,
      "n_samples": 90
    }
  ]
}